{
  "mode": "food_only",
  "rows": 92357,
  "top10_share": {
    "lrdv": 0.6988533624955336,
    "mddv": 0.4356572863995149,
    "smdv": 0.2747165888887686
  }
}